bind.sls	dataframe-append
bind.sls	dataframe-bind
bind.sls	dataframe-bind-all
aggregate.sls	dataframe-aggregate
aggregate.sls	aggregate-expr
df.sls	->
df.sls	->>
df.sls	$
df.sls	check-all-dataframes
df.sls	check-dataframe
df.sls	check-df-names
df.sls	check-names-exist
df.sls	dataframe?
df.sls	dataframe-alist
df.sls	dataframe-contains?
df.sls	dataframe-crossing
df.sls	dataframe-dim
df.sls	dataframe-drop
df.sls	dataframe-equal?
df.sls	dataframe-head
df.sls	dataframe-names
df.sls	dataframe-read
df.sls	dataframe-ref
df.sls	dataframe-rename
df.sls	dataframe-rename-all
df.sls	dataframe-select
df.sls	dataframe-tail
df.sls	dataframe-unique
df.sls	dataframe-values
df.sls	dataframe-values-map
df.sls	dataframe-values-unique
df.sls	dataframe-write
df.sls	make-dataframe
split.sls	dataframe-split
split.sls	dataframe-split-helper
modify.sls	dataframe-modify
modify.sls	dataframe-modify-all
modify.sls	dataframe-modify-at
modify.sls	modify-expr
join.sls	dataframe-left-join
join.sls	dataframe-left-join-all
reshape.sls	dataframe-stack
reshape.sls	dataframe-spread
display.sls	dataframe-display
rowtable.sls	dataframe->rowtable
rowtable.sls	rowtable->dataframe
sort.sls	dataframe-sort
sort.sls	sort-expr
filter.sls	dataframe-filter
filter.sls	dataframe-filter-all
filter.sls	dataframe-filter-at
filter.sls	dataframe-partition
filter.sls	filter-expr
helpers.sls	list-head
helpers.sls	make-list
helpers.sls	add1
helpers.sls	sub1
helpers.sls	iota
helpers.sls	enumerate
helpers.sls	add-names-ls-vals
helpers.sls	alist-modify
helpers.sls	alist-select
helpers.sls	alist-drop
helpers.sls	alist-repeat-rows
helpers.sls	alist-values
helpers.sls	alist-values-map
helpers.sls	combine-names-ordered
helpers.sls	filter-ls-vals
helpers.sls	filter-vals
helpers.sls	flatten
helpers.sls	get-all-names
helpers.sls	get-all-unique-names
helpers.sls	cartesian-product
helpers.sls	check-index
helpers.sls	check-integer-gte-zero
helpers.sls	check-integer-positive
helpers.sls	check-list
helpers.sls	check-names-unique
helpers.sls	check-names-symbol
helpers.sls	check-names
helpers.sls	check-names-duplicate
helpers.sls	check-new-names
helpers.sls	check-name-pairs
helpers.sls	check-alist
helpers.sls	not-in
helpers.sls	partition-ls-vals
helpers.sls	rep
helpers.sls	remove-duplicates
helpers.sls	transpose
helpers.sls	unique-rows
bind.sls	shared-names
bind.sls	bind-rows
aggregate.sls	df-aggregate-helper
aggregate.sls	aggregate-map
aggregate.sls	alist-aggregate-loop
df.sls	alist-head-tail
df.sls	alist-unique
df.sls	df-ref-helper
df.sls	alist-ref
split.sls	alist-split
split.sls	alist-split-partition-loop
split.sls	alist-split-partition
split.sls	map-equal-ls-vals
split.sls	map-equal
modify.sls	alist-modify-loop
modify.sls	modify-map
modify.sls	modify-map-helper
modify.sls	scalar?
modify.sls	df-modify-at-all-helper
modify.sls	alist-modify-at
join.sls	check-join-names-exist
join.sls	join-match
join.sls	join-no-match
join.sls	alist-fill-missing
display.sls	df-display-helper
display.sls	format-df
display.sls	prepare-non-numbers
display.sls	get-type
display.sls	get-display-value
display.sls	build-format-parts
display.sls	compute-format-parts
display.sls	compute-num-width
display.sls	compute-object-width
display.sls	map-efp
display.sls	extract-format-parts
display.sls	compute-column-widths
display.sls	any-negative?
display.sls	format-number
display.sls	compute-decimal
display.sls	compute-expt
display.sls	log10
display.sls	compute-sigfig
display.sls	format-footer
display.sls	add-commas
rowtable.sls	make-header
rowtable.sls	convert-header
sort.sls	sort-vals
sort.sls	sort-ls-vals
sort.sls	sum-row-ranks
sort.sls	calc-weights
sort.sls	rank-list
filter.sls	filter-map
filter.sls	df-filter-at-all-helper
filter.sls	alist-filter-at
helpers.sls	rep-times
helpers.sls	product-of-two
helpers.sls	partition-ls-vals2
